{
  "Atelectasis": {
    "precision": 0.42857142857142855,
    "recall": 0.008122743682310469,
    "f1-score": 0.015943312666076175,
    "support": 1108.0
  },
  "Cardiomegaly": {
    "precision": 0.4444444444444444,
    "recall": 0.01568627450980392,
    "f1-score": 0.030303030303030304,
    "support": 255.0
  },
  "Effusion": {
    "precision": 0.4160971905846621,
    "recall": 0.41358490566037737,
    "f1-score": 0.41483724451173354,
    "support": 1325.0
  },
  "Infiltration": {
    "precision": 0.5,
    "recall": 0.0005060728744939271,
    "f1-score": 0.0010111223458038423,
    "support": 1976.0
  },
  "Mass": {
    "precision": 0.5925925925925926,
    "recall": 0.028622540250447227,
    "f1-score": 0.05460750853242321,
    "support": 559.0
  },
  "Nodule": {
    "precision": 0.0,
    "recall": 0.0,
    "f1-score": 0.0,
    "support": 612.0
  },
  "Pneumonia": {
    "precision": 0.0,
    "recall": 0.0,
    "f1-score": 0.0,
    "support": 170.0
  },
  "Pneumothorax": {
    "precision": 0.23225806451612904,
    "recall": 0.07100591715976332,
    "f1-score": 0.10876132930513595,
    "support": 507.0
  },
  "Consolidation": {
    "precision": 0.0,
    "recall": 0.0,
    "f1-score": 0.0,
    "support": 441.0
  },
  "Edema": {
    "precision": 0.0,
    "recall": 0.0,
    "f1-score": 0.0,
    "support": 225.0
  },
  "Emphysema": {
    "precision": 0.22794117647058823,
    "recall": 0.1220472440944882,
    "f1-score": 0.15897435897435896,
    "support": 254.0
  },
  "Fibrosis": {
    "precision": 0.0,
    "recall": 0.0,
    "f1-score": 0.0,
    "support": 165.0
  },
  "Pleural_Thickening": {
    "precision": 0.0,
    "recall": 0.0,
    "f1-score": 0.0,
    "support": 330.0
  },
  "Hernia": {
    "precision": 0.0,
    "recall": 0.0,
    "f1-score": 0.0,
    "support": 14.0
  },
  "micro avg": {
    "precision": 0.3869226154769046,
    "recall": 0.08122402720060445,
    "f1-score": 0.134263114071607,
    "support": 7941.0
  },
  "macro avg": {
    "precision": 0.2029932069414175,
    "recall": 0.04711254987369175,
    "f1-score": 0.056031279045611566,
    "support": 7941.0
  },
  "weighted avg": {
    "precision": 0.33175046096305494,
    "recall": 0.08122402720060445,
    "f1-score": 0.08854009171407333,
    "support": 7941.0
  },
  "samples avg": {
    "precision": 0.05556546557260079,
    "recall": 0.0360188063809184,
    "f1-score": 0.04133560131151996,
    "support": 7941.0
  }
}