{
  "per_class_auc": {
    "Atelectasis": 0.7459100445618277,
    "Cardiomegaly": 0.8607315226903028,
    "Effusion": 0.8235046210861985,
    "Infiltration": 0.6425015681903062,
    "Mass": 0.7683233006332296,
    "Nodule": 0.6303775126402762,
    "Pneumonia": 0.6682559638599145,
    "Pneumothorax": 0.7175815094975803,
    "Consolidation": 0.7557907760634659,
    "Edema": 0.8372112496586874,
    "Emphysema": 0.694194943326919,
    "Fibrosis": 0.6468480404662174,
    "Pleural_Thickening": 0.7041245481835448,
    "Hernia": 0.7746600158191514
  },
  "auc_micro": 0.8048346212067107,
  "auc_macro": 0.7335725440484016,
  "per_class_precision": {
    "Atelectasis": 0.42857142857142855,
    "Cardiomegaly": 0.4444444444444444,
    "Effusion": 0.4160971905846621,
    "Infiltration": 0.5,
    "Mass": 0.5925925925925926,
    "Nodule": 0.0,
    "Pneumonia": 0.0,
    "Pneumothorax": 0.23225806451612904,
    "Consolidation": 0.0,
    "Edema": 0.0,
    "Emphysema": 0.22794117647058823,
    "Fibrosis": 0.0,
    "Pleural_Thickening": 0.0,
    "Hernia": 0.0
  },
  "per_class_recall": {
    "Atelectasis": 0.008122743682310469,
    "Cardiomegaly": 0.01568627450980392,
    "Effusion": 0.41358490566037737,
    "Infiltration": 0.0005060728744939271,
    "Mass": 0.028622540250447227,
    "Nodule": 0.0,
    "Pneumonia": 0.0,
    "Pneumothorax": 0.07100591715976332,
    "Consolidation": 0.0,
    "Edema": 0.0,
    "Emphysema": 0.1220472440944882,
    "Fibrosis": 0.0,
    "Pleural_Thickening": 0.0,
    "Hernia": 0.0
  },
  "per_class_f1": {
    "Atelectasis": 0.015943312666076175,
    "Cardiomegaly": 0.030303030303030304,
    "Effusion": 0.41483724451173354,
    "Infiltration": 0.0010111223458038423,
    "Mass": 0.05460750853242321,
    "Nodule": 0.0,
    "Pneumonia": 0.0,
    "Pneumothorax": 0.10876132930513595,
    "Consolidation": 0.0,
    "Edema": 0.0,
    "Emphysema": 0.15897435897435896,
    "Fibrosis": 0.0,
    "Pleural_Thickening": 0.0,
    "Hernia": 0.0
  },
  "support": {
    "Atelectasis": 1108,
    "Cardiomegaly": 255,
    "Effusion": 1325,
    "Infiltration": 1976,
    "Mass": 559,
    "Nodule": 612,
    "Pneumonia": 170,
    "Pneumothorax": 507,
    "Consolidation": 441,
    "Edema": 225,
    "Emphysema": 254,
    "Fibrosis": 165,
    "Pleural_Thickening": 330,
    "Hernia": 14
  },
  "overall": {
    "precision_micro": 0.3869226154769046,
    "recall_micro": 0.08122402720060445,
    "f1_micro": 0.134263114071607,
    "precision_macro": 0.2029932069414175,
    "recall_macro": 0.04711254987369175,
    "f1_macro": 0.056031279045611566
  }
}